"","error","Q_loss"
"1",2.97806151350158,0.98830216842003
"2",2.93345911605011,0.977285763922389
"3",2.89326634645328,0.967251805266745
"4",2.85836272258856,0.958462992355844
"5",2.8225030362633,0.949325517201166
"6",2.78585275453822,0.939912011262459
"7",2.74961937747408,0.930510404206362
"8",2.71379544515074,0.921114010431963
"9",2.67836954464328,0.911717272461184
"10",2.64332853977094,0.902316710023811
"11",2.60865984930289,0.892910846759662
"12",2.5743539503692,0.883499661571759
"13",2.54040612718981,0.874085119624165
"14",2.50682323942123,0.864675170315102
"15",2.47362780307146,0.855292768105282
"16",2.44087548957707,0.845993566030152
"17",2.40860186892918,0.836811536626336
"18",2.37683099320422,0.827800300305616
"19",2.34571195285705,0.819069927764172
"20",2.31522132681978,0.810647196866362
"21",2.28553244366843,0.802630544599955
"22",2.25656900456368,0.795014858672554
"23",2.22837432407721,0.787831516769796
"24",2.20101867936368,0.78111572401053
"25",2.17446950890421,0.774837115248404
"26",2.1486827333662,0.768959583145956
"27",2.12371335937872,0.763459521805435
"28",2.09947827713839,0.758313210846123
"29",2.07602123010757,0.753514079979757
"30",2.05326932180016,0.74902889188699
"31",2.03113106819829,0.744798957987293
"32",2.0095922682716,0.740801898044549
"33",1.98867146270038,0.737046123320806
"34",1.96833087809565,0.733507931723329
"35",1.94850844602186,0.730148698248517
"36",1.92913997652787,0.726947180617632
"37",1.91027675422947,0.723901365752017
"38",1.89186788539513,0.720989368735602
"39",1.87393566043422,0.718221139511856
"40",1.85643622569521,0.715582251947004
"41",1.83936707189415,0.713064122341095
"42",1.82270305077525,0.710654358679836
"43",1.80636498862876,0.7083366565276
"44",1.7903863547244,0.706110173884768
"45",1.77476198285056,0.703975888497154
"46",1.75943488498909,0.701919205384488
"47",1.74439800567948,0.699929812932115
"48",1.72969427174081,0.698023436715358
"49",1.71531054692547,0.696192587355635
"50",1.70122926037941,0.694428681286036
"51",1.68738423423191,0.692723273599275
"52",1.6738560358141,0.691084255393603
"53",1.66058379821162,0.689498092720425
"54",1.64754316444483,0.68795502386989
"55",1.63472018775266,0.686449942219126
"56",1.62211492377467,0.684986523840692
"57",1.60972927241841,0.683567027323789
"58",1.59761058440116,0.682198849824366
"59",1.58572994980827,0.680877058933602
"60",1.57409723199321,0.679601674622554
"61",1.56266394844777,0.678365761611218
"62",1.55147625633324,0.67717779131804
"63",1.54049654902108,0.676031679868031
"64",1.52973643232421,0.674923917111235
"65",1.51913077042992,0.673849233904295
"66",1.50869715446927,0.672813726600186
"67",1.49842964529558,0.671815138033842
"68",1.48832973243248,0.670852375858542
"69",1.47839185631099,0.669918546771236
"70",1.46861079599411,0.669014463419848
"71",1.45899908344799,0.668141276147311
"72",1.44957262830637,0.667295139071861
"73",1.440305998874,0.666472291750418
"74",1.43119240167004,0.66567205334159
"75",1.4222570411844,0.664899324770566
"76",1.41348557040683,0.664145810636863
"77",1.40485431442496,0.663410447273894
"78",1.39636850520538,0.662688315592362
"79",1.38798236228055,0.661977417205192
"80",1.37971458910459,0.661278019176531
"81",1.37157105580147,0.660590820350919
"82",1.36354061976218,0.659914194754839
"83",1.35562463902661,0.659254062929818
"84",1.34786637724272,0.658610156067398
"85",1.34017934706421,0.657975928835989
"86",1.33262770033745,0.657354333843851
"87",1.32516687635702,0.656743966192376
"88",1.317807459282,0.656143062725838
"89",1.31055023005383,0.655557555622305
"90",1.30339078548846,0.654987921254615
"91",1.29632528534217,0.654433420993717
"92",1.28936393424096,0.653896368336519
"93",1.28250404965283,0.653376118486586
"94",1.2757254724615,0.652870938259474
"95",1.26904171825677,0.652383791161898
"96",1.2624533291985,0.651914142105575
"97",1.25595978473178,0.651459740523958
"98",1.24953440235353,0.651017512253341
"99",1.24318077267036,0.650585254412728
"100",1.23687941367386,0.650159642542723
"101",1.23064964113557,0.649742303948754
"102",1.22448000956605,0.64933093195136
"103",1.21837964284892,0.648925812909762
"104",1.2123558270366,0.648527234433382
"105",1.20640479389842,0.648135228967413
"106",1.20053568481388,0.64775083693347
"107",1.19474833622179,0.647372963458006
"108",1.18906030024725,0.64700424883932
"109",1.18345153262373,0.646641847323628
"110",1.1779120115815,0.646284855271142
"111",1.1724307140284,0.645931775135813
"112",1.16699182777359,0.645580747285683
"113",1.16162095551797,0.64523377497627
"114",1.15628336140075,0.644887734120775
"115",1.15101666698288,0.644547596152255
"116",1.14581035750805,0.644211654482349
"117",1.14067473632537,0.643881879684962
"118",1.13559184671927,0.643555186715949
"119",1.13057859321577,0.643233287332866
"120",1.12562914716329,0.642915868502408
"121",1.12073343568411,0.64260203154828
"122",1.11588836006629,0.642293289049066
"123",1.11108244455929,0.64198935588339
"124",1.10633684163017,0.641691591062629
"125",1.10162857169034,0.641397007022447
"126",1.09697066093761,0.641110063259689
"127",1.09239004864885,0.640831793669139
"128",1.0878691796186,0.640561662731841
"129",1.08341039218886,0.640298590613759
"130",1.0790056216319,0.640040954181686
"131",1.07462920234488,0.639787015772562
"132",1.07031117581171,0.639540222313987
"133",1.06605521649228,0.639299531013625
"134",1.06185053466327,0.639063398044892
"135",1.05767454552731,0.638831619777408
"136",1.05354502411539,0.638603078072796
"137",1.04944733790301,0.638377468094939
"138",1.04539977493847,0.638156321229752
"139",1.04140733952387,0.637938892237299
"140",1.03746763589255,0.637724934902821
"141",1.03355477868258,0.637513942156648
"142",1.02969429724517,0.637305890526611
"143",1.02588869763596,0.637101947218923
"144",1.02210698053004,0.636899905325881
"145",1.01838358704274,0.636701035963374
"146",1.01471149405303,0.636505868120187
"147",1.01106482375965,0.636313625246168
"148",1.00747681735004,0.636123617111251
"149",1.00390597911407,0.635935235970001
"150",1.00036174857236,0.635749249369239
"151",0.996849868108816,0.635566339212359
"152",0.993391976380844,0.635386183116363
"153",0.98995965648917,0.635208855781368
"154",0.986550067153213,0.63503293602475
"155",0.983173663149675,0.634859469767
"156",0.97981589471687,0.634689899272073
"157",0.976530082271355,0.634526732568166
"158",0.973267741579338,0.63436627589599
"159",0.970046358664154,0.634210576452225
"160",0.966856386977516,0.63405837565002
"161",0.963701883117744,0.633910886999185
"162",0.960575331492226,0.633766172680904
"163",0.957490561691149,0.633625451490101
"164",0.954426114693121,0.633486728048516
"165",0.951409245990435,0.633351772800334
"166",0.948408368514322,0.633219152852369
"167",0.945442194820188,0.633087454293917
"168",0.94250932145445,0.632956786061562
"169",0.939600687854734,0.632826623486653
"170",0.936707039978624,0.632697742269481
"171",0.933843934412873,0.63256926836518
"172",0.931012380109557,0.63244281236315
"173",0.928212231869477,0.63231522414617
"174",0.92543203651207,0.632189004627622
"175",0.92268306618927,0.63206378332613
"176",0.919960974143972,0.631939214693683
"177",0.917265105428285,0.631814891237078
"178",0.914591021754617,0.63169149298891
"179",0.911947185910625,0.631569985325717
"180",0.909302879010128,0.631449667689856
"181",0.906710826881855,0.631331948328
"182",0.904129048558765,0.631216171901813
"183",0.901573897917903,0.631101025680142
"184",0.899039599828016,0.630989083735018
"185",0.896523197719997,0.630877032835407
"186",0.894039546306906,0.630768525599444
"187",0.891579486828012,0.63066089165305
"188",0.889142891278131,0.630554800110072
"189",0.886733462221589,0.630450314862779
"190",0.884330860062366,0.630346758919315
"191",0.881954189716313,0.630244856237908
"192",0.879594722259834,0.630143369512665
"193",0.877263697412251,0.630045450329468
"194",0.874960284438729,0.629949928841399
"195",0.872681517156222,0.629856489070672
"196",0.870428371513839,0.62976569768204
"197",0.868179212121781,0.629676195490793
"198",0.865971984785364,0.629588476905468
"199",0.863770941724986,0.62950179648168
"200",0.861609300937004,0.629417732702534
"201",0.859454234117685,0.629335553069524
"202",0.857325296365565,0.629254553391366
"203",0.855221182963421,0.629174844530124
"204",0.85313351948705,0.629097338042128
"205",0.851079293680634,0.629020679526871
"206",0.849021831414962,0.628944736188525
"207",0.84699298730574,0.628869490727667
"208",0.84498278396134,0.628794414249174
"209",0.842980834591748,0.628719974107737
"210",0.841006825309638,0.628646084712607
"211",0.839040039642282,0.628573193851686
"212",0.83710205082738,0.628500888787044
"213",0.835177697102184,0.628429407809682
"214",0.833264471846057,0.628358346976554
"215",0.831370928211812,0.628288936100849
"216",0.829487831245153,0.628219502597687
"217",0.827623205857895,0.628151183931651
"218",0.825770722467903,0.628084634947904
"219",0.823939134615266,0.628018605372135
"220",0.822123550163426,0.627954386725295
"221",0.820317135900063,0.627891331378174
"222",0.818515675535106,0.627827782985525
"223",0.8167270741327,0.6277668232909
"224",0.814952514863515,0.627704924452856
"225",0.813195787087663,0.627645125629637
"226",0.811451520039355,0.627586727615346
"227",0.809713991396098,0.627528671058806
"228",0.808001652234914,0.627472147179676
"229",0.806290685590081,0.627415892806382
"230",0.804598155423246,0.62736079333408
"231",0.802909723551724,0.627306564931201
"232",0.801240077978911,0.627253384421113
"233",0.799580113208355,0.627201091319028
"234",0.797923404803647,0.62714995593828
"235",0.796286486617411,0.627099488901952
"236",0.794660083279824,0.627050120605172
"237",0.793044919200228,0.627001523414026
"238",0.791440535901063,0.626953297286337
"239",0.789847194576776,0.62690613603116
"240",0.788269498887238,0.626857939981195
"241",0.786689865031102,0.626811004418637
"242",0.785140751181169,0.62676444215558
"243",0.783584161369916,0.626717256837616
"244",0.782067035014815,0.626670813807483
"245",0.780535190002292,0.626623239512055
"246",0.779029015682952,0.626575757964725
"247",0.777540289481115,0.626528313718897
"248",0.77605158297908,0.626479918320575
"249",0.774574906379056,0.626432025585532
"250",0.773110223696701,0.626382766370637
"251",0.771651209863947,0.626335114498407
"252",0.770212301689108,0.626287488479767
"253",0.768768579623615,0.626239706803886
"254",0.767353756497936,0.626193673450447
"255",0.76594176731458,0.626147665596862
"256",0.764544791342293,0.626102935777635
"257",0.763151489603618,0.626058330791941
"258",0.761772118481237,0.626014747154631
"259",0.760397909025218,0.625971754944431
"260",0.759038992213977,0.625930100416539
"261",0.757685863777313,0.625889004749983
"262",0.756357122688736,0.62584964019415
"263",0.755029760426862,0.625810220159082
"264",0.753722415971901,0.625771600661133
"265",0.752421274366513,0.625734030309226
"266",0.75113436421781,0.62569681238508
"267",0.749861388349997,0.625659878246951
"268",0.748588757652751,0.625623069337919
"269",0.747325921591702,0.625586916090549
"270",0.746082990919093,0.625552533809462
"271",0.74483476979604,0.625517036348996
"272",0.74360761244696,0.625483879156137
"273",0.742392669161917,0.625450646861592
"274",0.7411813920901,0.625417946509093
"275",0.73998363253558,0.625387085132299
"276",0.738796009079013,0.625356078618662
"277",0.737612169800445,0.625326312609323
"278",0.736446063455668,0.625297057822371
"279",0.735275727678901,0.62526863206831
"280",0.734126436188319,0.625240149893477
"281",0.732968021799559,0.625211734473991
"282",0.73183542211929,0.625184379402859
"283",0.730698695435201,0.6251568489578
"284",0.72958421173027,0.625129891204927
"285",0.728478140263451,0.625102794007047
"286",0.72737629869856,0.625076110747692
"287",0.72629048586241,0.625049325313295
"288",0.725207835802303,0.625023559189641
"289",0.724136150585327,0.624997346036871
"290",0.723064752815759,0.624971519526038
"291",0.722010539771426,0.62494601353557
"292",0.720961688676072,0.624920808148421
"293",0.719909884270579,0.624895879281713
"294",0.718876113861067,0.6248713377842
"295",0.71784578147894,0.624847689673117
"296",0.716816327380692,0.624823933714138
"297",0.715802589718363,0.624801272499483
"298",0.714784832946572,0.624777821549582
"299",0.713781954029855,0.624755301030271
"300",0.71278442515471,0.624733218020283
"301",0.711784721819673,0.624710273582524
"302",0.710791493038758,0.624687235327324
"303",0.709801967260483,0.624663869830868
"304",0.708821272079383,0.624640107153015
"305",0.707841498518728,0.624616062595155
"306",0.706876719182021,0.624592500255167
"307",0.705905199153269,0.624567855119986
"308",0.704948157417101,0.624544553560617
"309",0.704002750597571,0.624521086671566
"310",0.703059026182013,0.624498447019567
"311",0.702115264570328,0.624476415995872
"312",0.701192961091088,0.624454195619293
"313",0.700263605805794,0.624432774219
"314",0.699363066163102,0.624412544641062
"315",0.698448052106625,0.624391579545769
"316",0.697542765257126,0.624371212456695
"317",0.696648957143742,0.624351060773579
"318",0.695765799266205,0.62433052670524
"319",0.694887972460205,0.62431029544024
"320",0.694011519561122,0.624290061416706
"321",0.693158209705243,0.624270111425011
"322",0.692291261278162,0.624250029347554
"323",0.691449026450885,0.624229537552098
"324",0.690605754486509,0.624209898132836
"325",0.689764660400717,0.624190918358034
"326",0.688943007608284,0.624172174227932
"327",0.688121959363361,0.624153177956031
"328",0.687313751973907,0.62413569463327
"329",0.686504073005465,0.624117635767114
"330",0.685705930388142,0.624099637805916
"331",0.684903680817641,0.62408214482356
"332",0.684127312683361,0.624065016110424
"333",0.683336528678034,0.624047854843262
"334",0.682561760781171,0.624031386343162
"335",0.681793928762354,0.624014960352103
"336",0.681024327352347,0.623998870753653
"337",0.680264695942902,0.623982799029543
"338",0.679510917043367,0.623967319889338
"339",0.67875724252464,0.623951744272385
"340",0.678015236610362,0.623936074437463
"341",0.677276284272991,0.623919671224172
"342",0.676541663377712,0.62390432978633
"343",0.67581289549568,0.623888424840839
"344",0.675091895737449,0.623872934958376
"345",0.67437113053703,0.623857164330255
"346",0.673662531588368,0.623842111215985
"347",0.672952452089508,0.623827295017633
"348",0.672243502892513,0.623812795387686
"349",0.671545079138497,0.623798334846464
"350",0.670846285910299,0.623784408995651
"351",0.670155388102834,0.623771072299892
"352",0.669467884771863,0.623758188944294
"353",0.668780910503233,0.623745349326436
"354",0.668093580537115,0.623732842549023
"355",0.667412963424233,0.623720693919022
"356",0.666736171129822,0.623708067539754
"357",0.666058842752121,0.623695676643333
"358",0.665393729969406,0.623683547037222
"359",0.664732141989389,0.623671665791647
"360",0.664058026083456,0.623659254213062
"361",0.663405810258501,0.623647509695685
"362",0.662753676411144,0.62363567492262
"363",0.662101072845744,0.623623834588152
"364",0.661451818583503,0.623612359709802
"365",0.660809499143217,0.623600274491286
"366",0.660175082411665,0.623588843943818
"367",0.659539258094273,0.623577488425549
"368",0.658908092932895,0.623565839161175
"369",0.658280479142347,0.623554070966689
"370",0.657651778487402,0.623542291895295
"371",0.657028017712694,0.623530285265695
"372",0.65641461236457,0.623518286177106
"373",0.655798293835022,0.623506225014146
"374",0.655188476884475,0.623493764698877
"375",0.654577987019067,0.623481594996785
"376",0.653979121196562,0.623469712835125
"377",0.653378116752693,0.623457905249468
"378",0.652776266429715,0.623445953891117
"379",0.652184817103763,0.623434167371738
"380",0.651604093845862,0.623423093682763
"381",0.651011344135944,0.62341254069609
"382",0.650427514587414,0.623401537004436
"383",0.649847320108929,0.62339131471626
"384",0.649270692832785,0.623381715829269
"385",0.648698700320689,0.623371963012336
"386",0.64812835156694,0.623362097957227
"387",0.647558026005734,0.623352867605041
"388",0.646997135052322,0.623343542888631
"389",0.646434415811938,0.623334272228401
"390",0.645873947399651,0.623324300001374
"391",0.645316456876455,0.62331474399144
"392",0.644765666313185,0.623305152931629
"393",0.644214858693432,0.623295865967468
"394",0.643671888283809,0.623286165156909
"395",0.643121238742646,0.6232764026867
"396",0.642587387926129,0.623266484157936
"397",0.642044487387721,0.623257020974403
"398",0.641515019785447,0.623247337531818
"399",0.640987875696604,0.623238144910581
"400",0.640456948032142,0.623228480385428
"401",0.639933533191751,0.623219128130638
"402",0.63941196129576,0.62320944211041
"403",0.638889173528512,0.623200416810922
"404",0.638371928927245,0.623191997439853
"405",0.63785886764229,0.623183228490718
"406",0.637345677771087,0.623175331406029
"407",0.636838004880026,0.623167035510863
"408",0.63633554506,0.623159176100702
"409",0.635829683365601,0.623151715735004
"410",0.635325981351058,0.623144374622586
"411",0.634834085464539,0.623137259162831
"412",0.634338165950838,0.623130269745183
"413",0.633854415954578,0.623123618959916
"414",0.63336953408419,0.623117114693749
"415",0.632880636392467,0.623110478819245
"416",0.632397416156205,0.623104225346388
"417",0.631921196841611,0.623097598638654
"418",0.63143863344877,0.623090731226065
"419",0.63097211455928,0.623084424470182
"420",0.630496213553686,0.623077673335389
"421",0.630027503736529,0.623071018275241
"422",0.629566191662179,0.623064551102029
"423",0.62910171685798,0.623057691717464
"424",0.62864147324504,0.623051142979828
"425",0.628184807678759,0.623044319124616
"426",0.627726164556969,0.623037667095703
"427",0.6272698347387,0.62303086516006
"428",0.626820115669723,0.623023861942305
"429",0.626369241359335,0.623016990551691
"430",0.625920042128556,0.623010242531795
"431",0.625472136954667,0.62300342574166
"432",0.625035952734999,0.622996930303382
"433",0.624591527185419,0.622990501391321
"434",0.624156921904853,0.622983929687848
"435",0.623722016143036,0.622978768886612
"436",0.623282001263019,0.622972540613112
"437",0.622859973680505,0.622967308492547
"438",0.622431420653554,0.622961508142001
"439",0.622001734754749,0.622956000428352
"440",0.621584101242508,0.622951029586789
"441",0.621165471886454,0.622945329999744
"442",0.620747464731185,0.622940186797617
"443",0.620338948054463,0.622934696319872
"444",0.619931380168422,0.62292978036195
"445",0.619524986423845,0.622924365515584
"446",0.619118762681285,0.622918935237684
"447",0.618716925947584,0.622913090035805
"448",0.61831412183385,0.622907731336237
"449",0.617918517887358,0.622901777147713
"450",0.617523205065094,0.622895869508223
"451",0.617131443118273,0.622890106942625
"452",0.616738816181732,0.62288443710549
"453",0.616352492765972,0.622878749175944
"454",0.615966039060975,0.622872773640883
"455",0.615584024212366,0.622867579153078
"456",0.615209815849444,0.622862583966444
"457",0.61483116989309,0.622857342262633
"458",0.614455231353576,0.62285220113924
"459",0.614075144390649,0.622847187064216
"460",0.613712095168145,0.622842546236248
"461",0.613342858504478,0.622837712047687
"462",0.61297581991086,0.6228332319442
"463",0.612611696128566,0.622828337892762
"464",0.61225192301814,0.622823915583952
"465",0.611893525835679,0.62281897003105
"466",0.611540059112776,0.622814077868605
"467",0.611180985167191,0.622810058099308
"468",0.610831466467968,0.622805382127025
"469",0.610485092974302,0.62280066199212
"470",0.610135171449485,0.622796720149119
"471",0.609785873148496,0.622791925563073
"472",0.609449226931928,0.622787756676002
"473",0.609099450911975,0.622782975344995
"474",0.60876133045213,0.622779069143274
"475",0.60842032655816,0.622773782187723
"476",0.608090600732248,0.622769949388834
"477",0.607753006909743,0.622766187576546
"478",0.607418753865619,0.622761807588652
"479",0.607086751159436,0.62275741525172
"480",0.606765685529356,0.622754063849194
"481",0.606438214179736,0.622751114960426
"482",0.606113176880053,0.622747774046649
"483",0.60578925623266,0.622744113995225
"484",0.605474069817693,0.622741216227829
"485",0.605154673922885,0.62273824008937
"486",0.604835420417284,0.622735627181952
"487",0.604523749919186,0.622732451447593
"488",0.60421053827188,0.622730023178395
"489",0.603902043560361,0.62272731053193
"490",0.603596380907423,0.622724996855835
"491",0.60328731551293,0.622721394110252
"492",0.602986949833627,0.622718340394988
"493",0.602688308211958,0.6227155291463
"494",0.602388531473628,0.622712399740659
"495",0.602091783560415,0.622708452259794
"496",0.601794464700114,0.62270502138834
"497",0.601497085761703,0.622701072840241
"498",0.601210878328408,0.622697766827656
"499",0.600920309853944,0.622693726770377
"500",0.600626630192458,0.622689969160731
"501",0.600346340761475,0.622686437693101
"502",0.600065347881024,0.622682628744571
"503",0.599784866374955,0.622678987218481
"504",0.5995006689935,0.622675721444726
"505",0.599224843990643,0.62267253710602
"506",0.598951761767013,0.622669464369069
"507",0.598674349613607,0.622666577299436
"508",0.59839538845392,0.622663446707798
"509",0.598129984588794,0.622660572590216
"510",0.597859890524963,0.622658222110131
"511",0.597592101412106,0.622655557765947
"512",0.597321160191123,0.62265277327178
"513",0.597052032192137,0.622649815399203
"514",0.596790900636006,0.622647408716729
"515",0.596520619482867,0.622644591236956
"516",0.596256041684513,0.622641589280758
"517",0.595994545523856,0.622639361174124
"518",0.595735345383223,0.62263637675594
"519",0.595476783819489,0.622633780332602
"520",0.595219947797296,0.622630602481845
"521",0.594963545119276,0.622628185545939
"522",0.594702644955128,0.622624965347622
"523",0.594451990797379,0.622622747490364
"524",0.59419912052069,0.622619984571843
"525",0.593945532343056,0.622617066944493
"526",0.593696380397646,0.622614224064636
"527",0.593445157593974,0.622611711263325
"528",0.593198179782802,0.622608924745636
"529",0.592949471861064,0.622606476734868
"530",0.592706401913828,0.622604045131736
"531",0.592461982566153,0.62260126555364
"532",0.592219671259251,0.622599155426683
"533",0.591980488874014,0.622596696633244
"534",0.591740085657756,0.622594621333097
"535",0.5915008238424,0.622592247928414
"536",0.591265912410571,0.622590236831071
"537",0.591031172848311,0.622587826401324
"538",0.590790870646332,0.622585932839102
"539",0.59056398299153,0.622583998026144
"540",0.590331916154891,0.622582501277226
"541",0.590097082842427,0.622580169947043
"542",0.589861526239877,0.622578112784635
"543",0.589634790679208,0.622575739789433
"544",0.589407939466302,0.622574188314264
"545",0.58917851270889,0.622571612589982
"546",0.588952990744862,0.622569873100059
"547",0.588726003692917,0.622567336295176
"548",0.588506786310041,0.622565605925395
"549",0.588278317191845,0.622563065514765
"550",0.588054169176844,0.622560996611533
"551",0.587837269107936,0.622558408559522
"552",0.58761691321902,0.622556132384426
"553",0.58739572704768,0.622553355091642
"554",0.587182865724316,0.622551041762662
"555",0.586963714197622,0.622547946785845
"556",0.586747535612169,0.622545195459928
"557",0.586529497561594,0.622542065825411
"558",0.5863181260342,0.622539637076686
"559",0.586104048440534,0.622536990972135
"560",0.585888407473838,0.622534130184093
"561",0.585677233821846,0.622531772525352
"562",0.585466498118271,0.622529595955877
"563",0.585258774004856,0.622527735616178
"564",0.585044854861898,0.62252594011845
"565",0.584839218322284,0.622524284247779
"566",0.584634282389401,0.622522878892106
"567",0.584425594176954,0.622521336227689
"568",0.584222949979521,0.622519802342057
"569",0.584015992585906,0.622518513399053
"570",0.58381855614343,0.622517127832094
"571",0.583618054372957,0.622515517997951
"572",0.583411979329264,0.622513634194504
"573",0.583214303958007,0.622512382182282
"574",0.583021961158,0.622510281348441
"575",0.582821208015447,0.622508583679319
"576",0.582627187778614,0.622506588695445
"577",0.582434701404705,0.62250529833264
"578",0.582240729298426,0.622503097529687
"579",0.582051831595688,0.622501497157848
"580",0.581861954035046,0.622499613812486
"581",0.58167003862287,0.622497767460033
"582",0.581484498236764,0.622496129841433
"583",0.581302442194504,0.622494148844037
"584",0.581116956803735,0.622492553059551
"585",0.5809330060322,0.622490429109509
"586",0.580753060741319,0.622488644339806
"587",0.580570099360919,0.622486823058721
"588",0.580396985059323,0.622485398674321
"589",0.580217377042481,0.622483594614959
"590",0.580036865638514,0.622482038630526
"591",0.579865313698139,0.622480786018609
"592",0.579688743080909,0.622479195409879
"593",0.579521025130959,0.622478032421247
"594",0.579345210091375,0.62247665791773
"595",0.579175750023665,0.622475757454159
"596",0.579007831244764,0.622474690781611
"597",0.578836927692303,0.622473875630142
"598",0.578669951764685,0.622473220847688
"599",0.57850122782704,0.622472663546587
"600",0.578336878327206,0.622472024615712
"601",0.578175969744343,0.62247124157038
"602",0.578006267360517,0.622470482671556
"603",0.577847931787923,0.622469595816895
"604",0.577682404230651,0.622469223256918
"605",0.577517109777698,0.622467961356972
"606",0.577361152627865,0.622466972891218
"607",0.577199521347882,0.622465935663266
"608",0.577038316616718,0.622464503519705
"609",0.576877230632111,0.622463706967186
"610",0.576722866797145,0.622462231313422
"611",0.576561216631541,0.622460699946069
"612",0.576403890075245,0.622459199361947
"613",0.576250695597196,0.622458046219996
"614",0.576092978828096,0.622456342472193
"615",0.575938243764197,0.622454864481304
"616",0.575786930809953,0.622453786613156
"617",0.575631666919528,0.622452440722397
"618",0.575477931676467,0.622449928790061
"619",0.575324376046905,0.62244863229327
"620",0.575174652983094,0.622447551888257
"621",0.57502390841743,0.622445873191736
"622",0.574875554420466,0.622444324622732
"623",0.574726010754276,0.622443027491076
"624",0.574578679713991,0.622441714730404
"625",0.574428385542578,0.622440427959572
"626",0.574279485862688,0.62243895787382
"627",0.574136442974948,0.622438315084214
"628",0.573990737040731,0.622437098890178
"629",0.573843910592592,0.622436012782806
"630",0.573697885691407,0.622434910465666
"631",0.57355598834292,0.62243392172847
"632",0.573416192712912,0.62243293068851
"633",0.57326881998224,0.622431793180051
"634",0.573129882138781,0.622430657096773
"635",0.572991339934182,0.622429555524692
"636",0.572849880788481,0.622428589359147
"637",0.572714643616333,0.622427390127658
"638",0.572575263172512,0.622426404585336
"639",0.572441312218539,0.622425303596381
"640",0.572298184876789,0.622423798464751
"641",0.572167033532162,0.622422784295471
"642",0.572030481129833,0.622421464388886
"643",0.571898749479217,0.622420456738957
"644",0.571763046471261,0.622418925792029
"645",0.571631709154708,0.622417583845129
"646",0.571499427866988,0.622416562371529
"647",0.571364380721249,0.622415207282991
"648",0.571237779036107,0.622414254431897
"649",0.571109413451085,0.62241349263138
"650",0.570975800488587,0.62241230217531
"651",0.570851021067078,0.622411483681859
"652",0.570717808818447,0.622410815316479
"653",0.570591821563645,0.622409500552828
"654",0.570462090551592,0.622409133525176
"655",0.570338068768165,0.622408945474332
"656",0.570209481740414,0.622407995681994
"657",0.570083260906351,0.622406894826463
"658",0.569961193725848,0.622406537399534
"659",0.569835026070527,0.622405763003202
"660",0.569710501112927,0.622405306893189
"661",0.569586538409547,0.622404398730812
"662",0.569460945948707,0.62240392824609
"663",0.569341606199283,0.622403168324179
"664",0.569215274066329,0.622402457416481
"665",0.569092874891489,0.62240178697184
"666",0.568973392236379,0.622401325051824
"667",0.568853704594775,0.62240068660592
"668",0.568729953335572,0.622400008775773
"669",0.568607795254308,0.622399301142341
"670",0.568489478876054,0.622398777044969
"671",0.568374372626809,0.622398561411598
"672",0.568254459343339,0.622396998657892
"673",0.568136016740107,0.622396504724724
"674",0.568017494454489,0.622395834268061
"675",0.567906218186604,0.622395354083831
"676",0.567792856261771,0.622394250895246
"677",0.567675271142249,0.622393741639683
"678",0.567562628170307,0.62239252581171
"679",0.567451659707691,0.622392120845475
"680",0.567335435568438,0.622391193411935
"681",0.567225502655725,0.622390640038998
"682",0.567114331165384,0.622389584336136
"683",0.567007507251242,0.622389029903729
"684",0.566894118411792,0.622388082216791
"685",0.566786696115552,0.622387461757715
"686",0.566677749759365,0.62238688404775
"687",0.566576211334719,0.622386518454378
"688",0.566462356964925,0.622385265540313
"689",0.566366404632793,0.622385933827235
"690",0.566256930772651,0.622384954695278
"691",0.566154886633976,0.622384809952785
"692",0.566047737434348,0.62238449102525
"693",0.565948218544061,0.622383580010517
"694",0.565844666427515,0.622383505995386
"695",0.565744891698825,0.622382912815622
"696",0.565642004511942,0.622382611301185
"697",0.565545696788591,0.622381823570353
"698",0.565444475898653,0.62238082424211
"699",0.56534799350972,0.622380626266492
"700",0.565249184443354,0.622380012860795
"701",0.565149434350421,0.622379166375024
"702",0.565059976446607,0.622378285321444
"703",0.564962456427309,0.622377345821231
"704",0.564866888712427,0.62237649556724
"705",0.564776021978655,0.62237549093452
"706",0.564683142209681,0.622374369101725
"707",0.564593607097452,0.622373443725636
"708",0.564498257133855,0.622372548845983
"709",0.564413481590988,0.622371986922313
"710",0.564320643773151,0.622370757891092
"711",0.564229145591366,0.622370201809118
"712",0.564147626383147,0.622369827311393
"713",0.564057420885961,0.622369205897873
"714",0.56397384517191,0.622368880480801
"715",0.563889110426959,0.622368651880935
"716",0.563799120798011,0.622368378552603
"717",0.563717841046519,0.622368464586237
"718",0.563634421149217,0.622367780522343
"719",0.563550127698536,0.622367888854018
"720",0.5634678377772,0.622368176881396
"721",0.563389848799735,0.622367926136076
"722",0.563306896436632,0.622368507351777
"723",0.563223773484587,0.622368315862593
"724",0.563147705272927,0.622367784771716
"725",0.563067584573999,0.622367761875298
"726",0.562987603990037,0.622367724973201
"727",0.562906742180053,0.622367100061196
"728",0.562837642590998,0.622367201721111
"729",0.562756965000332,0.622366219659672
"730",0.562681227329087,0.622365687874783
"731",0.562604676985383,0.622365063705304
"732",0.562532105884731,0.622364094848022
"733",0.562451127275038,0.6223632722063
"734",0.562382967066053,0.622362754661315
"735",0.562303234694295,0.622361553147077
"736",0.562229085624841,0.622360743027319
"737",0.562158690721715,0.622360499911477
"738",0.562083974175254,0.622359272119474
"739",0.562014391258691,0.622358536199499
"740",0.561946507190001,0.622358096903363
"741",0.56187278546523,0.622357510552419
"742",0.561803859395718,0.622356709249877
"743",0.561734473180094,0.622356290132666
"744",0.561660991291053,0.622355904575347
"745",0.561596471583438,0.622355436800796
"746",0.561527050790701,0.62235533101082
"747",0.56145980021893,0.622354728682563
"748",0.561396825305494,0.622354759885549
"749",0.561326865351725,0.622354487199591
"750",0.561264997268054,0.622354285264787
"751",0.561197984737814,0.622353921757109
"752",0.561136461985481,0.622353724410033
"753",0.561072152942084,0.622353433872734
"754",0.561011813375591,0.622353678429698
"755",0.560947612610366,0.622353252860232
"756",0.560886680359593,0.622353167306374
"757",0.560831040857206,0.622352875434508
"758",0.56076582770757,0.622352694473668
"759",0.560710014807697,0.62235260409546
"760",0.56064737298503,0.622352460612336
"761",0.560591181750376,0.622352341125032
"762",0.560533170370674,0.622352089272509
"763",0.560477432054096,0.622351870445006
"764",0.560420466238005,0.622351590188998
"765",0.560363637343972,0.622351323289231
"766",0.560307259615797,0.622351072988256
"767",0.560254300438815,0.622350748606465
"768",0.560196543908358,0.622350236341961
"769",0.56014360812093,0.62235006064873
"770",0.560084163600048,0.622349420786602
"771",0.560035072281046,0.622349236632251
"772",0.559977309630053,0.622348783810107
"773",0.559925882082219,0.622348419393867
"774",0.55986935066465,0.622347615697222
"775",0.559820005815806,0.622347149184911
"776",0.559764890285829,0.622347014141637
"777",0.559710541103578,0.622346300823584
"778",0.559657455166227,0.622345822882993
"779",0.55960976381746,0.622345635438535
"780",0.559554917341827,0.622345220490485
"781",0.559504469135833,0.622345016711203
"782",0.55945168835087,0.622344678316802
"783",0.559399034941287,0.62234435306111
"784",0.559346568972162,0.622344197786108
"785",0.559298160183219,0.62234416392088
"786",0.559244341906771,0.62234433537136
"787",0.55919733911149,0.622344206501611
"788",0.559143189145139,0.622343918782541
"789",0.559093406619121,0.622343714000282
"790",0.559045333279173,0.62234360140435
"791",0.558990499340186,0.622343534038532
"792",0.558942231445742,0.622343344449288
"793",0.558893624171331,0.622342986323627
"794",0.55884368342447,0.622342492646581
"795",0.558795502802649,0.622341866537191
"796",0.558743067705871,0.622341485400374
"797",0.558693653995783,0.622341060432283
"798",0.558644275288858,0.622340057585409
"799",0.558597871113728,0.622339702303358
"800",0.55854981490291,0.622339208179907
"801",0.558500749655886,0.622338660974155
"802",0.558452480171391,0.622338162418379
"803",0.558404831261818,0.622338056012016
"804",0.558360180081076,0.622337805127828
"805",0.558311039782071,0.622337359843911
"806",0.558263184490652,0.622337072543143
"807",0.558219360162852,0.622336950723666
"808",0.558172751881067,0.622337175740509
"809",0.558126198200849,0.622336749756853
"810",0.55808130102213,0.622337255531046
"811",0.558034984106515,0.622336713802095
"812",0.557989761716891,0.62233727984377
"813",0.557945681337602,0.62233679827098
"814",0.557903647587129,0.622337141794196
"815",0.557858678677912,0.622337166257943
"816",0.557812350669628,0.622337010135626
"817",0.557771888161586,0.622336850837752
"818",0.557727517680583,0.622336950832449
"819",0.557680307352437,0.622336028496381
"820",0.55763716689073,0.622335976818398
"821",0.557597161682244,0.622336019033585
"822",0.557550898669436,0.622335596385562
"823",0.55751262501365,0.622335153966691
"824",0.557467415674614,0.622334869634366
"825",0.55742679690371,0.622334475451236
"826",0.557386882072457,0.622334208935622
"827",0.557344030019345,0.622333784744749
"828",0.557302351739218,0.622333842633288
"829",0.557259438928978,0.622333126796072
"830",0.557219573128758,0.622333204054144
"831",0.557180456937413,0.622332649534574
"832",0.557137899415648,0.622332454668977
"833",0.557099533762635,0.62233252733974
"834",0.557057483428448,0.622331974354856
"835",0.557020469759363,0.622331695822842
"836",0.556975368209515,0.622331395474662
"837",0.556940227629669,0.622331483841971
"838",0.556898690142772,0.622330977753127
"839",0.556862072034999,0.622330695359666
"840",0.556821164654459,0.622330658311722
"841",0.556778479195898,0.622330360665772
"842",0.556741327684492,0.622330644025451
"843",0.556704921242651,0.622330068079466
"844",0.556661885387408,0.622330130051111
"845",0.556628476598953,0.622330039536846
"846",0.556584682564453,0.622330038553749
"847",0.556548787212524,0.622329304438728
"848",0.556510354990313,0.622329564110072
"849",0.55647116379778,0.622329418283078
"850",0.556437438419617,0.622329385706014
"851",0.556395905584569,0.622329114316503
"852",0.556354159096445,0.622329236073406
"853",0.55631726832376,0.622328737551655
"854",0.556283251441052,0.622328626004599
"855",0.556244416758575,0.622328252953808
"856",0.55620723448681,0.622328217810928
"857",0.556166794021083,0.622328000379055
"858",0.556130103870238,0.622327722982528
"859",0.556094054162007,0.622327307873212
"860",0.556054965858597,0.622327204032712
"861",0.556016132663177,0.622327096545587
"862",0.555977131001153,0.622326525575075
"863",0.555939976547597,0.622326313526959
"864",0.555900308975039,0.622325796917613
"865",0.5558622941586,0.62232545801134
"866",0.555829096489633,0.622325103225659
"867",0.55578740604639,0.62232478582337
"868",0.555750141759579,0.622324562875346
"869",0.555711882671933,0.622324102260762
"870",0.555672108390159,0.622324061489592
"871",0.555638268619605,0.62232341948404
"872",0.555596438115716,0.622323466082781
"873",0.555556270580897,0.622323361364838
"874",0.555519084539093,0.622323122225911
"875",0.55547955075611,0.622323237865424
"876",0.555440467614483,0.622323362998334
"877",0.555405395942775,0.622323209908918
"878",0.55536211444086,0.622323574500076
"879",0.55532825505529,0.62232349864815
"880",0.555284477041498,0.622323834592957
"881",0.555243838789787,0.622324040128283
"882",0.555209695741412,0.622323850641512
"883",0.555168518598299,0.622324001081973
"884",0.555127261919876,0.622324046407307
"885",0.55509176201601,0.622323987468269
"886",0.555051544484592,0.622323820591648
"887",0.555013086264878,0.622323938086829
"888",0.554970466878123,0.622323553627922
"889",0.554935080715223,0.622323696031419
"890",0.554893296818081,0.622323639755257
"891",0.554857839549035,0.622322938415462
"892",0.554812302566203,0.622322892844075
"893",0.554778725441653,0.622322866589085
"894",0.554739360452476,0.622322601840682
"895",0.55469966116068,0.622322110249166
"896",0.554659597067009,0.622321972583912
"897",0.554621811343726,0.622321778882692
"898",0.55458623262904,0.622321867857868
"899",0.554549083060468,0.622321836439471
"900",0.554506416668739,0.622321606524917
"901",0.554471009394181,0.622321155967047
"902",0.554433760538195,0.622321973203117
"903",0.554398699947846,0.622321983990406
"904",0.554358823307906,0.622321600124699
"905",0.554321580742698,0.622321882289512
"906",0.554284910028497,0.622322193844701
"907",0.554252596474193,0.622322193574633
"908",0.554212578514673,0.622322357908312
"909",0.554177125214471,0.622321605539292
"910",0.55414314324731,0.622322090403539
"911",0.554105387001553,0.622321740243084
"912",0.554069648909748,0.622321815645841
"913",0.554034136364272,0.622321422905836
"914",0.553998788963882,0.622321214464641
"915",0.553966542980714,0.622320960347183
"916",0.553928449941328,0.622320815797447
"917",0.553895398925141,0.62232051531338
"918",0.55386133288274,0.622320518625944
"919",0.553825978052087,0.622319754070961
"920",0.553786045553852,0.62231955246983
"921",0.553756746219948,0.622319491753581
"922",0.553722243555795,0.622319503069192
"923",0.553689928076753,0.622318902929213
"924",0.553650443962277,0.62231871475397
"925",0.553618756039987,0.622318570782921
"926",0.553584691642506,0.622318059400303
"927",0.553554586462994,0.622318190421311
"928",0.553517529124973,0.622318650885629
"929",0.553482592898967,0.62231815008504
"930",0.553450138303048,0.622317817055932
"931",0.553418604122671,0.622317660346856
"932",0.553383605052395,0.622318100805111
"933",0.553351558555916,0.622318015324891
"934",0.553316444390341,0.622317947612563
"935",0.553287294393273,0.62231759013757
"936",0.553250865576272,0.622318568936255
"937",0.553218396066244,0.622317731282132
"938",0.553183940493108,0.622318318543854
"939",0.553151419003525,0.622317949192194
"940",0.553120939855612,0.622318087805851
"941",0.553090371418742,0.622318045638222
"942",0.553056653700701,0.622318059541345
"943",0.553023616493387,0.622317491025488
"944",0.552989634854516,0.622318208413131
"945",0.552957074902902,0.62231732751903
"946",0.552927758727949,0.622317683265005
"947",0.552893091220658,0.622316728755106
"948",0.552863386161158,0.622317165285668
"949",0.55283201237823,0.622316497978406
"950",0.552798991257158,0.622316479029482
"951",0.552766572180417,0.622316387287969
"952",0.55273602054922,0.622316192844282
"953",0.552703740562522,0.622315720685673
"954",0.552671048422798,0.622315646786127
"955",0.552639078748611,0.622315282594474
"956",0.552609458394403,0.622315247105148
"957",0.552578559091576,0.622315129645199
"958",0.552544678291215,0.622314982587867
"959",0.552516213896748,0.622314640435806
"960",0.552490309639527,0.622314785286927
"961",0.552456835436067,0.62231453996859
"962",0.552425102593488,0.622314597740982
"963",0.552397594536836,0.622314712764024
"964",0.552366675306759,0.622314719410818
"965",0.552336207162426,0.622314447496788
"966",0.552307562602755,0.622315029470242
"967",0.55227988466601,0.622314920420814
"968",0.552253353632148,0.6223149801141
"969",0.552225747713732,0.622315078019254
"970",0.552194144296157,0.622315351276955
"971",0.552165087322307,0.622315332336179
"972",0.552142204788414,0.622315806683633
"973",0.55211313193822,0.622315318290536
"974",0.552085291482903,0.622315512202579
"975",0.552058453881098,0.622315110541873
"976",0.552034105345122,0.622315499757063
"977",0.552003108071863,0.622314769823666
"978",0.551981603916512,0.622315400059995
"979",0.551951931692698,0.622314664547056
"980",0.551929001788984,0.62231486092639
"981",0.55190272077289,0.62231422839137
"982",0.55187615453056,0.622314341926471
"983",0.551846943395166,0.622313345558393
"984",0.551824115555235,0.622313577124908
"985",0.551798281787525,0.622313232117225
"986",0.551773744067904,0.622313318311175
"987",0.55174385767845,0.622312177247782
"988",0.551720725799196,0.622312559620845
"989",0.551697319623185,0.622311953328147
"990",0.551672678724163,0.622312012640357
"991",0.551645127384171,0.622312028402063
"992",0.551623709468473,0.622311983826563
"993",0.551593901636405,0.622311625923036
"994",0.551573790476199,0.622312028262868
"995",0.55154451826643,0.622311825946333
"996",0.551521817450695,0.622311780927191
"997",0.551501194963651,0.622312184704422
"998",0.55147513770049,0.622312005528135
"999",0.551448545299381,0.622312501454602
"1000",0.551426840716608,0.622312310606682
"1001",0.551402129369546,0.622311974871988
"1002",0.551381430020932,0.622312489607447
"1003",0.551353918640449,0.622312343574567
"1004",0.551332386821679,0.622312088182934
"1005",0.551305288025979,0.622312531654973
"1006",0.551283752590748,0.62231218146365
"1007",0.551256122661017,0.622312530463098
"1008",0.551234792932209,0.622312231071861
"1009",0.551213740826469,0.622312283208964
"1010",0.551186933453151,0.622311966620791
"1011",0.551163522816773,0.622312158007385
"1012",0.551138857831132,0.622312010893278
"1013",0.55111490957722,0.62231179175487
"1014",0.551091352014957,0.622311831574702
"1015",0.551065891184771,0.622311564031883
"1016",0.551046032228676,0.622311370041933
"1017",0.551018531258069,0.62231130303188
"1018",0.550997970575437,0.622311464183521
"1019",0.5509713827338,0.622310947934734
"1020",0.550949035692559,0.622311109510887
"1021",0.550923336983198,0.622310923978059
"1022",0.550899496575404,0.622311045566703
"1023",0.550876115215763,0.622310393094674
"1024",0.550853871709187,0.622310704564364
"1025",0.550826589952493,0.622310288590354
"1026",0.550804007220366,0.622310509748508
"1027",0.55077953470145,0.622309809786602
"1028",0.550755460504915,0.622309985070252
"1029",0.550732463993042,0.622309757869232
"1030",0.550710781931446,0.6223100006067
"1031",0.550685068584892,0.622309941678322
"1032",0.550661908472389,0.622309677481129
"1033",0.550638046489551,0.622309565897685
"1034",0.550615206560892,0.62230995309527
"1035",0.550589850427271,0.622309797778752
"1036",0.55057066027786,0.622309868878912
"1037",0.550542676919311,0.622310210408671
"1038",0.550524623242581,0.622310609206349
"1039",0.550499603098117,0.622310344738499
"1040",0.550475324683176,0.622310290760401
"1041",0.550453938123841,0.622310737000978
"1042",0.550431996758089,0.622310667390631
"1043",0.550408334465627,0.62231068764199
"1044",0.550387583274458,0.622310571225227
"1045",0.550363509851616,0.622310691218875
"1046",0.550343122477464,0.622310460924261
"1047",0.550318839374865,0.622310388100442
"1048",0.5502980356164,0.622309936185691
"1049",0.550275980964952,0.622309733737617
"1050",0.550255143910748,0.622310253958965
"1051",0.55023410086383,0.622309592477262
"1052",0.550210773216837,0.622309403919554
"1053",0.550188387760577,0.622309327920287
"1054",0.550171643818903,0.622309793925544
"1055",0.550145225002335,0.622308984126194
"1056",0.550125051607435,0.62230933738476
"1057",0.550104652063573,0.622309732650185
"1058",0.550086282816718,0.622309492055914
"1059",0.550061703803865,0.6223091320525
"1060",0.550043516348129,0.622309710446795
"1061",0.550020956354725,0.62230967261041
"1062",0.550002771100691,0.622310175144035
"1063",0.549980588050296,0.622309643273447
"1064",0.549958916985764,0.622309424048521
"1065",0.549938539252004,0.622309572220472
"1066",0.549916369092091,0.622309331793773
"1067",0.549896554053823,0.622309223213606
"1068",0.549876607627122,0.622308971618357
"1069",0.549854323272049,0.622309007723679
"1070",0.549832474027628,0.622308739735953
"1071",0.54981484845083,0.622308388928323
"1072",0.549792311081305,0.622308304052956
"1073",0.549772341392396,0.622308263195243
"1074",0.549747989241653,0.622308243283538
"1075",0.549728730563938,0.622307832283115
"1076",0.54970643621922,0.622307760938043
"1077",0.549686256849321,0.622308147617997
"1078",0.549663731151346,0.622307777754436
"1079",0.549644062859338,0.622307910083549
"1080",0.549619874882972,0.622308387759024
"1081",0.549602857094988,0.62230790811415
"1082",0.549578301788766,0.622308531396121
"1083",0.549561103327817,0.62230860341807
"1084",0.549536825759106,0.622308353838621
"1085",0.549515592818707,0.622308485605779
"1086",0.549496064222939,0.622308577256798
"1087",0.549477289967931,0.622308514798513
"1088",0.549453670773036,0.62230840996396
"1089",0.549433495594417,0.62230850566574
"1090",0.549410425631692,0.62230827144136
"1091",0.549393251455646,0.622307889103862
"1092",0.549370180056465,0.62230819156382
"1093",0.549349720931095,0.622307720064135
"1094",0.549326708070436,0.622307805238058
"1095",0.549307402559649,0.622307664084619
"1096",0.549288097350124,0.622307754904435
"1097",0.549267737701079,0.622307272041515
"1098",0.549244188298862,0.6223075910146
"1099",0.549227918607258,0.622307364242833
"1100",0.549201262797427,0.622307291744055
"1101",0.549186380908411,0.622307260532708
"1102",0.549162443253331,0.622307717809176
"1103",0.549142973362837,0.622307060928956
"1104",0.549121310558608,0.622307517106403
"1105",0.549104448254016,0.622307254347674
"1106",0.549081476057005,0.622307498134717
"1107",0.549063951514174,0.622307722061266
"1108",0.549040810860734,0.622307394916057
"1109",0.549022083667161,0.622307218115698
"1110",0.549001957400063,0.622307663843326
"1111",0.548984829730006,0.622307251896098
"1112",0.548964815416052,0.622307249659741
"1113",0.548942107304164,0.622307309429149
"1114",0.548921409109492,0.622306923566847
"1115",0.548906858959236,0.622306966490438
"1116",0.548883734034391,0.62230713281349
"1117",0.548867396531713,0.622306740890025
"1118",0.548848499151156,0.622306610659357
"1119",0.548826974773242,0.622306984508246
"1120",0.548806659967712,0.622306724374949
"1121",0.548792835238301,0.622306884494247
"1122",0.548768657967855,0.622306607710718
"1123",0.548753480270993,0.622306641948528
"1124",0.548733884968762,0.622306669539175
"1125",0.548715629734945,0.622306894275024
"1126",0.548695698094631,0.622306624199939
"1127",0.548681448279547,0.622306466719104
"1128",0.548656261380699,0.622306514581877
"1129",0.548644119981916,0.622307054746233
"1130",0.548625746425458,0.622306901565876
"1131",0.548608553277704,0.622306737867062
"1132",0.548585954200469,0.622306586611132
"1133",0.548572894467785,0.62230714107241
"1134",0.54855166548202,0.622306908649489
"1135",0.548539726830511,0.622307023622259
"1136",0.548517040756082,0.622307215711601
"1137",0.548503738649325,0.622307543006001
"1138",0.54848465609993,0.622307189195142
"1139",0.548470621070716,0.622307323180822
"1140",0.548451923889154,0.622307401391613
"1141",0.548435236549344,0.622307584678499
"1142",0.548413712226969,0.622307254495361
"1143",0.548404814274686,0.622307492562626
"1144",0.548385608584698,0.622307153290487
"1145",0.548370685171487,0.622307192906097
"1146",0.548352352485056,0.622307133948619
"1147",0.548336838465562,0.622307294024798
"1148",0.548318023416415,0.622306967257038
"1149",0.548306845903821,0.62230694102438
"1150",0.548285549952862,0.622306784940215
"1151",0.548274566254649,0.622306885316612
"1152",0.54825814670189,0.622306791489508
"1153",0.54824106179712,0.62230598792917
"1154",0.548218973093006,0.622306329823725
"1155",0.548211767246814,0.622306498682551
"1156",0.548193256071176,0.622305832333798
"1157",0.548180796360904,0.622305887378163
"1158",0.548159169325927,0.622305909941648
"1159",0.548146802613665,0.622305451755086
"1160",0.548127190857915,0.622305262734499
"1161",0.548119211393966,0.62230552808224
"1162",0.548095550049524,0.622305063420716
"1163",0.548084732249584,0.622305439460889
"1164",0.548068787911037,0.622305301081432
"1165",0.548053880994962,0.622305242607604
"1166",0.548033839510098,0.622305450137841
"1167",0.548025412454474,0.622305332335472
"1168",0.548006274883478,0.622305137329484
"1169",0.547994577294867,0.622305484218118
"1170",0.547973538918886,0.62230531358029
"1171",0.547963581151083,0.622305416350086
"1172",0.547946167180353,0.622305528274601
"1173",0.547934832764171,0.622305395150121
"1174",0.547912783873401,0.622305766167279
"1175",0.547900663648513,0.622305574392814
"1176",0.547886313135421,0.622305413100288
"1177",0.54787272867439,0.622305796139399
"1178",0.547852613059869,0.622305760861962
"1179",0.547842361501902,0.622305181971852
"1180",0.547821580489915,0.622305963047053
"1181",0.54781410351181,0.622305553213972
"1182",0.547794461641792,0.622305550640965
"1183",0.547779107861572,0.622305455966143
"1184",0.547764341719387,0.622305366306794
"1185",0.547753158205289,0.622304932035319
"1186",0.547732889181218,0.62230548871394
"1187",0.547721915868698,0.622304894108707
"1188",0.547704871400556,0.622304870238514
"1189",0.547691610909471,0.62230475046608
"1190",0.547672900479251,0.622304920626378
"1191",0.547661023367925,0.62230448419774
"1192",0.547644725483764,0.622304983971277
"1193",0.547633098192541,0.62230437701492
"1194",0.547614959020514,0.622304678270299
"1195",0.547601183809619,0.622304810208362
"1196",0.547586268160545,0.622304598993061
"1197",0.547573638879017,0.622304666551866
"1198",0.547555227428786,0.622304776583906
"1199",0.547545933550708,0.622304906385997
"1200",0.54753029191896,0.622305153204847
"1201",0.547515408453926,0.622304743848302
"1202",0.547498202163546,0.622304932497209
"1203",0.547486888777933,0.622305227549775
"1204",0.547474232487984,0.622305168923573
"1205",0.547462830030481,0.622305360680158
"1206",0.547444645121283,0.622305394035853
"1207",0.547432234487858,0.622305211363295
"1208",0.547417627139872,0.622305066874091
"1209",0.5474077104353,0.622305367388806
"1210",0.54739141517757,0.622305158142588
"1211",0.547379384969952,0.622305209110546
"1212",0.547367855158678,0.622305377613488
"1213",0.54735167665346,0.622305062175597
"1214",0.54734026752478,0.622305102154411
"1215",0.547328280243688,0.622305101842868
"1216",0.547313166581603,0.622304684550287
"1217",0.547303328460598,0.622304907347447
"1218",0.547285905037378,0.622304760577863
"1219",0.547277871097452,0.622304821066386
"1220",0.547264680416767,0.622304551754864
"1221",0.54724649875076,0.622304319909869
"1222",0.547237077994877,0.622304291439554
"1223",0.547225662812672,0.622304270124194
"1224",0.547212832259404,0.622304488147117
"1225",0.547199192468074,0.622304126701509
"1226",0.547183858573863,0.622304094138394
"1227",0.547173718838152,0.622303997671351
"1228",0.547159877683913,0.622303865986126
"1229",0.547146367102704,0.622303845348947
"1230",0.547133029547253,0.622304256156164
"1231",0.547122866229199,0.622303988849988
"1232",0.547109288337975,0.622304060378999
"1233",0.547098261371656,0.622303814073907
"1234",0.547083859628423,0.622304274982993
"1235",0.547073833634527,0.622304215637003
"1236",0.547056854049646,0.622304210390829
"1237",0.547047495682401,0.622304034189093
"1238",0.54703188562742,0.62230431191274
"1239",0.547023665596254,0.622304186699066
"1240",0.547010904333256,0.622304608656
"1241",0.546995967821426,0.622304111412767
"1242",0.546984316808552,0.622303992570988
"1243",0.546970145746769,0.622304009406683
"1244",0.54695973643031,0.622304476431917
"1245",0.546951405794556,0.622304171158608
"1246",0.546934871201357,0.622303559674293
"1247",0.546923990789576,0.622304038742144
"1248",0.546910771802095,0.622303793277648
"1249",0.546899181228905,0.622303910304104
"1250",0.546889956980662,0.62230408323895
"1251",0.54687768203526,0.622303873196473
"1252",0.546864949037551,0.622303779788171
"1253",0.54685183533055,0.62230390524899
"1254",0.546844863026183,0.622303985611009
"1255",0.546833132325877,0.622304140545177
"1256",0.546817475582517,0.622303820726273
"1257",0.546809120223061,0.622304437132502
"1258",0.546797683046014,0.622304100719718
"1259",0.546787122148491,0.622304218278066
"1260",0.546777604067924,0.622304097516975
"1261",0.546763113153498,0.622303927543274
"1262",0.546751333042037,0.622303599217961
"1263",0.546741883918979,0.622304329652439
"1264",0.546731694372871,0.622303728295514
"1265",0.546721621157136,0.622303998159495
"1266",0.546711301882071,0.622304097141049
"1267",0.5466984062254,0.622303791751983
"1268",0.546689344145281,0.622304336893712
"1269",0.546680147005982,0.622304395228108
"1270",0.546671787973294,0.622303882260718
"1271",0.54666039935291,0.622304106517722
"1272",0.546647266353732,0.622303881595778
"1273",0.546638552402593,0.62230408104222
"1274",0.546630229454193,0.622304028184708
"1275",0.546621088322243,0.622304481915573
"1276",0.546609684129551,0.622303735928713
"1277",0.546600117669744,0.622304083843886
"1278",0.546590060513073,0.62230405690206
"1279",0.546581009763455,0.622303844917852
"1280",0.546575664006712,0.622303955594374
"1281",0.546562640042318,0.62230417403669
"1282",0.546555854278275,0.622303998109574
"1283",0.546545854037676,0.622304266795661
"1284",0.54653671345364,0.622304347927365
"1285",0.546529275251724,0.622304171613501
"1286",0.546517328235205,0.622304166645706
"1287",0.54651041234719,0.622304184368599
"1288",0.546500211423657,0.622303920489921
"1289",0.546492819374693,0.622304151733624
"1290",0.546483410392981,0.62230412022757
"1291",0.546474612760846,0.622304520254597
"1292",0.546464798988657,0.622304522440704
"1293",0.546456938566207,0.622303987239657
"1294",0.546449432710129,0.622304289215324
"1295",0.546438849786541,0.622304423100433
"1296",0.546431406756736,0.622304319899105
"1297",0.54642244340982,0.622304122660229
"1298",0.546411446773219,0.622304730117935
"1299",0.546403402294203,0.622303954847607
"1300",0.546397145503953,0.622303997945049
"1301",0.546386767050008,0.622304437446234
"1302",0.546379032457987,0.622303843741191
"1303",0.546371260414167,0.622303640147176
"1304",0.546360353769216,0.622304594572594
"1305",0.54635243172241,0.622303553749808
"1306",0.546343756512885,0.622304226418848
"1307",0.546336743749503,0.622303561541203
"1308",0.546330657038315,0.622303626527946
"1309",0.546316447435103,0.622303773045638
"1310",0.546312280394669,0.622303959098964
"1311",0.546302531988285,0.622303743923306
"1312",0.546295613857202,0.622303516329635
"1313",0.546286066508719,0.622303406677145
"1314",0.546280025355254,0.622303635257859
"1315",0.546272168252492,0.622303581295856
"1316",0.546262653701456,0.622303476057946
"1317",0.546253567544502,0.622303575569883
"1318",0.546249111544115,0.622303244287258
"1319",0.546237981947592,0.622303405448147
"1320",0.546234419360156,0.622303271694826
"1321",0.546221727972392,0.622303363993206
"1322",0.546216936218004,0.622303056113584
"1323",0.546207102060581,0.622303441597215
"1324",0.546200003212556,0.62230283830737
"1325",0.546191556034735,0.622303017461286
"1326",0.546186749054016,0.622302881335772
"1327",0.546174727730405,0.622303069627227
"1328",0.546171527353047,0.622302846649007
"1329",0.546160167961344,0.6223028374202
"1330",0.546155445802823,0.622302879470167
"1331",0.546144541681674,0.622303004427447
"1332",0.546139230628732,0.622302697272841
"1333",0.546128433366476,0.622302929008037
"1334",0.546123615528897,0.622302904519225
"1335",0.546115298516212,0.622303050491576
"1336",0.546108062613198,0.622302722583728
"1337",0.546098982765876,0.622303183895722
"1338",0.546094400165131,0.622302903967674
"1339",0.546081190595858,0.622302879323852
"1340",0.546076667542739,0.622303114068284
"1341",0.54606533523726,0.622302647673284
"1342",0.546060315931978,0.622302855704004
"1343",0.546051811119831,0.622302954347244
"1344",0.546043718852627,0.622302754639583
"1345",0.546035248346679,0.622302830328107
"1346",0.546027208177324,0.622302995318658
"1347",0.546019775470506,0.62230279633212
"1348",0.546011059254498,0.622303124425898
"1349",0.546001191663284,0.622302826012004
"1350",0.545999174233409,0.622302891318705
"1351",0.54598415706631,0.622302847150408
"1352",0.545980041078362,0.622303082429934
"1353",0.545970590761011,0.622302871006611
"1354",0.545962147131573,0.622303229358584
"1355",0.545953846897951,0.62230305814224
"1356",0.54594771804868,0.622303011005021
"1357",0.545939662202494,0.622302770565489
"1358",0.545933478359984,0.622303070715768
"1359",0.545924020175587,0.622302638253816
"1360",0.545918284617547,0.622303009283762
"1361",0.545907505667348,0.622302721632899
"1362",0.545908149562495,0.622302774351115
"1363",0.545894084313479,0.622302673255283
"1364",0.545889659450709,0.622303187238286
"1365",0.545881873477134,0.622303009226763
"1366",0.545876310139993,0.622303198267633
"1367",0.545867164008818,0.622302548246717
"1368",0.545865391141585,0.622303334178694
"1369",0.545853018473131,0.622303317842372
"1370",0.545848162957218,0.622303295344858
"1371",0.545842704384264,0.62230379617781
"1372",0.545834737149073,0.622303864207518
"1373",0.545829206005094,0.622304028146892
"1374",0.545823756842927,0.622303966010612
"1375",0.545811704320188,0.622303664973439
"1376",0.545812583721839,0.622303847703044
"1377",0.545802109572381,0.622304050355542
"1378",0.545797315797702,0.622304184425889
"1379",0.5457887888106,0.622303706239384
"1380",0.545783835725364,0.622303823827148
"1381",0.545776360325491,0.622303563758264
"1382",0.545773084580688,0.622303596313039
"1383",0.545767077750055,0.622303808250165
"1384",0.545758128163028,0.622303181744345
"1385",0.545749848568333,0.62230339654633
"1386",0.545748851464883,0.622303178398602
"1387",0.545737883784312,0.62230327224836
"1388",0.545739100948688,0.622303254802897
"1389",0.545726839447769,0.62230322267303
"1390",0.545724535348708,0.622302806378994
"1391",0.545715148970724,0.62230331827974
"1392",0.545711613040741,0.622302965336074
"1393",0.545702523652904,0.622302886283575
"1394",0.545700772666972,0.622303184196806
"1395",0.545692131480869,0.622303334469272
"1396",0.54568783016754,0.622302664953934
"1397",0.545679784642423,0.622303093952399
"1398",0.545675928227901,0.622302478717418
"1399",0.545669347490408,0.62230300907996
"1400",0.545668479737927,0.622303355421459
"1401",0.545654966609888,0.622302602851199
"1402",0.545652982168534,0.622302815844739
"1403",0.545647160174306,0.62230282966901
"1404",0.545642694459379,0.622302646004376
"1405",0.545632156049921,0.622302726214246
"1406",0.545632741939903,0.622302971024834
"1407",0.545623327259452,0.622302595886217
"1408",0.545619770001975,0.622303079343132
"1409",0.545612286531006,0.622303150515016
"1410",0.54560927741708,0.622303059427197
"1411",0.545598765852452,0.622302758278666
"1412",0.545600457308348,0.622303369163578
"1413",0.545589339567441,0.622303292892429
"1414",0.545585724882768,0.622303236305976
"1415",0.545580846854672,0.622303342185734
"1416",0.545577888650431,0.622303847247963
"1417",0.545566503712617,0.622303315262735
"1418",0.545566583949828,0.622303585896945
"1419",0.545559517180198,0.622303487463989
"1420",0.545554438883451,0.622303448833904
"1421",0.545548079301516,0.622303579769826
"1422",0.545546471629306,0.62230322854804
"1423",0.545538113216659,0.622303165326875
"1424",0.545537636944846,0.622303946862439
"1425",0.545526576475366,0.622302986848199
"1426",0.545524868343538,0.6223032205423
"1427",0.545519030193248,0.622303205333005
"1428",0.545516918354879,0.622302770416933
"1429",0.545506368665386,0.622303283994809
"1430",0.545506987028566,0.622303255834126
"1431",0.545501553864223,0.622302916084264
"1432",0.545497668809745,0.622303304620834
"1433",0.545489275408352,0.622303074330116
"1434",0.545488624335485,0.62230275935676
"1435",0.545478275293428,0.622303071327606
"1436",0.545481423168008,0.622303205003662
"1437",0.545471805621867,0.622302947722345
"1438",0.545467020319808,0.622302966004971
"1439",0.545463055262409,0.622303012219485
"1440",0.54546055460946,0.622302714589483
"1441",0.545451181501828,0.622302705355886
"1442",0.5454518086781,0.622302712079008
"1443",0.545444871009024,0.622302666118933
"1444",0.545439875944409,0.622302070914946
"1445",0.545432445124655,0.622302435409203
"1446",0.54543308065853,0.622302196065938
"1447",0.545424100899466,0.622301843751752
"1448",0.545425854319329,0.622302006618399
"1449",0.545415070033063,0.622302136327614
"1450",0.545412208303165,0.622301542556566
"1451",0.545409985003521,0.622301853857727
"1452",0.545405407592696,0.622301996142714
"1453",0.545395601223106,0.622301782897402
"1454",0.545395063540431,0.622301919444389
"1455",0.545389142982237,0.622302339964442
"1456",0.545388816109486,0.622301839669579
"1457",0.545379311345707,0.62230224552966
"1458",0.545377873812519,0.622302592097973
"1459",0.545369805677593,0.622302381183715
"1460",0.54537010073625,0.622302591264882
"1461",0.545362752918102,0.622302627076118
"1462",0.54535919381919,0.622302415347511
"1463",0.545354344771343,0.622302588211268
"1464",0.545354554676433,0.622302604947089
"1465",0.54534354854754,0.622302427584996
"1466",0.545343093029377,0.622302921916512
"1467",0.545337777509571,0.62230237618084
"1468",0.545334572610265,0.62230243438172
"1469",0.545327432952463,0.622302537345081
"1470",0.545327270587989,0.622302195325955
"1471",0.545319089521437,0.622302187676257
"1472",0.545320843358684,0.622302629964587
"1473",0.545309498360621,0.622301847298566
"1474",0.545310032649992,0.622302121484925
"1475",0.545303799079226,0.622302574514016
"1476",0.545303808198422,0.62230195685998
"1477",0.545292881232244,0.622302270100731
"1478",0.545292548096165,0.622302452248035
"1479",0.54528584236616,0.622302002454735
"1480",0.545285765507369,0.622302183210389
"1481",0.545276294267341,0.622302838004985
"1482",0.545277591862814,0.622302122940532
"1483",0.545267696610525,0.622302424201387
"1484",0.545268892730038,0.622302446083236
"1485",0.545259926321378,0.622302172049288
"1486",0.545258893853713,0.622302354886803
"1487",0.545251122811214,0.622302581438091
"1488",0.545252421379211,0.62230199973134
"1489",0.545240322652181,0.622302405594642
"1490",0.545242995119697,0.62230203551147
"1491",0.545235572969446,0.622302463045893
"1492",0.545233747741667,0.622302090444086
"1493",0.54522578800531,0.622302426443126
"1494",0.545226538717376,0.622302084401285
"1495",0.545217573141088,0.622302331601962
"1496",0.545220141721533,0.622302291572474
"1497",0.545210424170732,0.62230214897659
"1498",0.545209920340479,0.6223021667296
"1499",0.545204685717011,0.622302175334262
"1500",0.545203852982767,0.622302156101149
"1501",0.545196192469643,0.622302542002724
"1502",0.545196513220818,0.622302238381715
"1503",0.545188316479429,0.622302317592978
"1504",0.545190340788217,0.622302429935918
"1505",0.545183633064973,0.622302491915988
"1506",0.545181631157922,0.622302175961948
"1507",0.545174278327138,0.622302392458815
"1508",0.545176073831514,0.622302378595587
"1509",0.545168764566928,0.622302131302176
"1510",0.545169037167271,0.622302728539046
"1511",0.545162367991765,0.622302675690614
"1512",0.545160367382207,0.622302184559208
"1513",0.545154725421307,0.622302438202138
"1514",0.54515388099231,0.622302553621876
"1515",0.545147481236591,0.622302797173544
"1516",0.545146334878532,0.622302567388539
"1517",0.545141093217397,0.62230275334977
"1518",0.545140525734374,0.622303119647468
"1519",0.545133453707594,0.622302977802264
"1520",0.545134980664611,0.622302884437151
"1521",0.545124451565098,0.622303520983842
"1522",0.545125582193226,0.622302979623962
"1523",0.545117627869352,0.622302950316094
"1524",0.545117056974699,0.622303240270907
"1525",0.545111134787149,0.622303125924535
"1526",0.545109748563801,0.622302889037472
"1527",0.545103624778348,0.622303299099129
"1528",0.545102109706296,0.622302641416338
"1529",0.545098263241027,0.622302820473238
"1530",0.545094728414123,0.622303000153178
"1531",0.545087391971148,0.622302734880285
"1532",0.545088953140805,0.622302455528191
"1533",0.545080015743677,0.622303044236268
"1534",0.545079996962743,0.622302335441002
"1535",0.545075963813364,0.622302331323409
"1536",0.545072206249906,0.622302705713297
"1537",0.545066194577637,0.622302561253834
"1538",0.545066846856159,0.622302703226974
"1539",0.545059224279375,0.622302548954818
"1540",0.545060019641555,0.622302904811477
"1541",0.54505214221356,0.622302654000416
"1542",0.545050113097067,0.622302663334768
"1543",0.545045317608095,0.622302786346639
"1544",0.545045978198841,0.622303064938984
"1545",0.54503805329599,0.622302615629277
"1546",0.545035985271628,0.622302609978761
"1547",0.54502977535675,0.6223028215029
"1548",0.545028657780468,0.622302801749452
"1549",0.545023028862696,0.622302298838918
"1550",0.545024252899472,0.622303219323878
"1551",0.545013974316219,0.622302406579912
"1552",0.545014577343476,0.622302643210913
"1553",0.545007129832752,0.622302850072685
"1554",0.545006040540697,0.622302180217727
"1555",0.545000117911395,0.622302673429346
"1556",0.54499868430713,0.622302737121236
"1557",0.544989860718788,0.622302255560242
"1558",0.544990464747815,0.622302666861737
"1559",0.544984233825334,0.622302635948055
"1560",0.54498142512811,0.622301974988954
"1561",0.544974293771562,0.622302943817834
"1562",0.544974589872267,0.622302466589051
"1563",0.544966983581939,0.622302141708327
"1564",0.544965866099219,0.622302676831679
"1565",0.54495842834687,0.622302579116766
"1566",0.544957347666054,0.622302022213193
"1567",0.544951433200595,0.622302755780328
"1568",0.544950008553094,0.622302123401908
"1569",0.544939574847211,0.62230242533545
"1570",0.54494180756073,0.622302585169907
"1571",0.544935585743752,0.622302231449921
"1572",0.544932784868718,0.622302071340027
"1573",0.544924043623267,0.622302673560036
"1574",0.544925615897886,0.622302593041695
"1575",0.544916757004241,0.622302581149041
"1576",0.544913913106016,0.622302530885876
"1577",0.54490785613385,0.622302318446085
"1578",0.544905528277964,0.622302465398469
"1579",0.54489880330406,0.622302637180997
"1580",0.544899954906548,0.622302826539904
"1581",0.544887790540046,0.622302853092986
"1582",0.544887225638058,0.622302911601603
"1583",0.544882323892235,0.622302641865429
"1584",0.544879523231702,0.622302946390736
"1585",0.544867760729683,0.622303188903433
"1586",0.544871119283089,0.62230273643907
"1587",0.544864707055088,0.622302659448242
"1588",0.544860253326024,0.622303040695868
"1589",0.544855047400232,0.622302786541552
"1590",0.544851436782389,0.622303217094037
"1591",0.544845160908034,0.622302383748277
"1592",0.544847867017255,0.62230269937124
"1593",0.544834573245117,0.622302569590398
"1594",0.544835965834508,0.622302770555914
"1595",0.544830066220446,0.622302620945087
"1596",0.544828658466511,0.622302291259355
"1597",0.544820960324529,0.622301801743977
"1598",0.544820631962362,0.622302797070619
"1599",0.544814661341871,0.622301972566101
"1600",0.544812337343194,0.622302179499621
"1601",0.544807216695642,0.622302306199495
"1602",0.544803380364983,0.622301930982262
"1603",0.544799354715929,0.622301944248211
"1604",0.544800871574104,0.622302365065897
"1605",0.544789074485302,0.622302309271717
"1606",0.544789692520189,0.622302131497318
"1607",0.544787596804013,0.622302464688624
"1608",0.544781556444837,0.622302286666785
"1609",0.544777023969654,0.622302110559355
"1610",0.544778618598036,0.622302726495795
"1611",0.5447694504322,0.622302041263381
"1612",0.544769485418485,0.622302421093635
"1613",0.54476455678321,0.622302567756944
"1614",0.544762241597301,0.622302101549909
"1615",0.544758550112653,0.622302106952384
"1616",0.544754820276905,0.622302480677078
"1617",0.54474642425503,0.62230200564437
"1618",0.544748567905389,0.622301990169718
"1619",0.544746543288256,0.622302397148772
"1620",0.544740884198863,0.6223020009438
"1621",0.54473740868317,0.622301971230037
"1622",0.544734491691214,0.622302053248366
"1623",0.544727398379351,0.622301926194848
"1624",0.544730562037858,0.622302003966094
"1625",0.544725428896458,0.622301818072021
"1626",0.544721136524003,0.62230186560307
"1627",0.544718351033474,0.622301852480453
"1628",0.544716751421006,0.622301858953539
"1629",0.544708496615921,0.622302067811739
"1630",0.544709686450457,0.622301862011505
"1631",0.544709998394036,0.622301721440191
"1632",0.54470634528326,0.62230208297723
"1633",0.544700409618882,0.62230216004708
"1634",0.544700464476982,0.62230208807022
"1635",0.54469426999847,0.622302323184198
"1636",0.544694545200798,0.622302130975895
"1637",0.544691172371083,0.62230174864989
"1638",0.544688970304209,0.622302256735646
"1639",0.544687303309601,0.622302065276313
"1640",0.544685340146939,0.622302197099621
"1641",0.544677495949026,0.622302347787111
"1642",0.544679595301165,0.622302032256033
"1643",0.544680827962628,0.622302202732659
"1644",0.54467286356739,0.622301958324144
"1645",0.54467228921674,0.622301880802757
"1646",0.54467033695903,0.622302416241697
"1647",0.544667198476532,0.622302215792325
"1648",0.544667845249974,0.622302076729279
"1649",0.544662723390944,0.622301928207079
"1650",0.544660421429671,0.622302239451072
"1651",0.544661023439225,0.622302246708087
"1652",0.544657441735531,0.622302132920245
"1653",0.544652533761006,0.622302240674152
"1654",0.544652503315127,0.622302081688833
"1655",0.544653529640318,0.622302063739893
"1656",0.544649020614976,0.622302338431595
"1657",0.544644838732225,0.62230175127564
"1658",0.544644056529923,0.622301840714339
"1659",0.544640444045942,0.62230207880101
"1660",0.544641086415371,0.622301811015165
"1661",0.544638465136903,0.62230154420042
"1662",0.544634216040548,0.622301672248462
"1663",0.544634295693051,0.622301515021309
"1664",0.544630562702927,0.62230149547514
"1665",0.544624468321607,0.622301684263864
"1666",0.544628596308675,0.622301101368204
"1667",0.54462561019529,0.622301242460427
"1668",0.544619815585747,0.622301534549172
"1669",0.54461923102001,0.622301105966447
"1670",0.544617272362176,0.622301044370764
"1671",0.544613564838828,0.622301481274093
"1672",0.544613080017523,0.622301268465442
"1673",0.544609654280461,0.622301202123005
"1674",0.54460897235697,0.622301458735589
"1675",0.544606257478224,0.622301271157506
"1676",0.544602908692592,0.62230136034055
"1677",0.544598122052575,0.622301775268219
"1678",0.544600168555715,0.622301198808529
"1679",0.544597888369478,0.62230146068414
"1680",0.5445946379632,0.622301592630498
"1681",0.544591977952699,0.622301427342563
"1682",0.544590083135804,0.622301470264998
"1683",0.544585206343062,0.622301679845512
"1684",0.544585867215496,0.622301266129917
"1685",0.544583643265243,0.622301434189158
"1686",0.544581795278614,0.622301588096894
"1687",0.544580501977842,0.622301301655648
"1688",0.544574634159336,0.62230140342056
"1689",0.544572348373511,0.622301411748193
"1690",0.54457306172052,0.622301439590265
"1691",0.544572150519477,0.622301465960514
"1692",0.544567787278679,0.62230130141342
"1693",0.544565141715775,0.622301148196672
"1694",0.544564395604817,0.622301591673908
"1695",0.54455953699375,0.622301440485219
"1696",0.544560213353193,0.622301339704829
"1697",0.544557042535246,0.622301572773972
"1698",0.544555036782911,0.622301501434897
"1699",0.544554887919669,0.622301288015107
"1700",0.544549034517723,0.622301444024451
"1701",0.544548373661052,0.622301614207161
"1702",0.544547704696079,0.622301541388425
"1703",0.544545447458202,0.622301313010512
"1704",0.544543835426204,0.622301426843278
"1705",0.544541199807353,0.622301363183133
"1706",0.544538844020048,0.622301467272147
"1707",0.544535822429163,0.622301516287178
"1708",0.544535148430274,0.622301253362467
"1709",0.544534293221387,0.622301184506033
"1710",0.544532721801603,0.622301609498346
"1711",0.544530958416906,0.622301141757007
"1712",0.544525323684716,0.622301183986627
"1713",0.54452504049169,0.622301426255955
"1714",0.544526561832722,0.622301170777247
"1715",0.544523123669764,0.622301108263363
"1716",0.544519029506081,0.622301305661145
"1717",0.54451747147724,0.622300805299573
"1718",0.544516242846852,0.622301246291942
"1719",0.544516393667498,0.622301102255273
"1720",0.544511939036136,0.622301043157581
"1721",0.544509465867401,0.622301252924891
"1722",0.544509844543775,0.622301289018809
"1723",0.544508336280439,0.622300950336036
"1724",0.544504149973492,0.622301402194041
"1725",0.544501813106519,0.62230137300707
"1726",0.544502591202278,0.622301353625938
"1727",0.544499369997816,0.622301419816654
"1728",0.544496398828463,0.622301249248938
"1729",0.544496297191735,0.622301068489889
"1730",0.54449388989392,0.622301524758869
"1731",0.54449001640713,0.622301718430741
"1732",0.544488197161261,0.622301080722216
"1733",0.544484439753074,0.62230121038597
"1734",0.544487827060559,0.622301439101518
"1735",0.544482413238291,0.622301551774303
"1736",0.544478663622271,0.622301098200651
"1737",0.544475693701866,0.62230145621461
"1738",0.54447555654734,0.622301325975188
"1739",0.54447310988819,0.622301596003085
"1740",0.544471700423139,0.622301135885669
"1741",0.544467261736554,0.622301223573648
"1742",0.544465084345606,0.622301469754047
"1743",0.544463027797968,0.622301571113781
"1744",0.544460801981925,0.622301316280741
"1745",0.544457054694442,0.622301247396302
"1746",0.544458835833868,0.622301273304516
"1747",0.544453649142582,0.622301470773926
"1748",0.544448985051378,0.622301235829669
"1749",0.544448335917903,0.622301698249894
"1750",0.54444820563546,0.622301087875678
"1751",0.544444149101694,0.622300963724364
"1752",0.544441781591831,0.622301443893531
"1753",0.544437603755554,0.622301403084575
"1754",0.544437742859591,0.622301231056159
"1755",0.544437477751498,0.622301374042689
"1756",0.544432500112267,0.62230116328651
"1757",0.544428917543918,0.62230122485882
"1758",0.544430952045467,0.62230150804032
"1759",0.544428075094662,0.622300977429837
"1760",0.544422275020907,0.622301221772477
"1761",0.544421788421365,0.622301767479109
"1762",0.544421815788069,0.622301300879596
"1763",0.544418007898432,0.6223010345266
"1764",0.544416810882687,0.622301473849655
"1765",0.544414407398032,0.622301349626208
"1766",0.544412913950113,0.622301762379612
"1767",0.54441101511041,0.622301641293497
"1768",0.544406285055581,0.622301157256349
"1769",0.544405658509858,0.622301465328276
"1770",0.544407675749626,0.622301784990225
"1771",0.544403167072018,0.622301348916127
"1772",0.544397520537918,0.622301497599054
"1773",0.544397276785159,0.622301595728532
"1774",0.544398470376055,0.62230136519415
"1775",0.544394647045332,0.622301313755189
"1776",0.54439181925835,0.622301459515609
"1777",0.544389570996744,0.622301086842723
"1778",0.544388322555548,0.622301446170542
"1779",0.544387592135687,0.622301196057914
"1780",0.544382849294093,0.622301047699629
"1781",0.544380595329028,0.622300875165805
"1782",0.54438277088085,0.622301258357247
"1783",0.544378511175535,0.622300941094526
"1784",0.54437403648882,0.622301144745728
"1785",0.544373784530329,0.622300877540784
"1786",0.544373354190497,0.622300878049021
"1787",0.544369694287695,0.622301127304659
"1788",0.544367118832606,0.622301026209837
"1789",0.544366048116532,0.622300818272322
"1790",0.544363181141865,0.622301185470066
"1791",0.544362443793451,0.622301060987902
"1792",0.544357868572744,0.622300918535698
"1793",0.544355873210763,0.622300811214257
"1794",0.54435761491882,0.622301224384481
"1795",0.544353353266551,0.622301107930778
"1796",0.544348876338715,0.622301074761863
"1797",0.544348796893007,0.622301140265689
"1798",0.544347013061146,0.622300957351192
"1799",0.544344536024984,0.622301191078452
"1800",0.544341962156982,0.622301278569883
"1801",0.54434089300129,0.622301047500239
"1802",0.54433650296612,0.622301008633547
"1803",0.544337103976661,0.622301658163337
"1804",0.544332261317826,0.622301381066066
"1805",0.544330024305391,0.6223012820481
"1806",0.544330892982523,0.62230158083806
"1807",0.544327929638891,0.622301382117093
"1808",0.544322845132665,0.622301786367273
"1809",0.5443230755215,0.622301620474255
"1810",0.54431984321325,0.622301594428021
"1811",0.54431923232088,0.622302214514027
"1812",0.544317410243316,0.622302113584572
"1813",0.544313537533136,0.622301567030041
"1814",0.544311315448419,0.622302349961863
"1815",0.54431093007875,0.62230218976309
"1816",0.544307537354192,0.622301539450926
"1817",0.544305005654285,0.622302111267337
"1818",0.544304519385342,0.62230217622383
"1819",0.544303722475518,0.622302359058299
"1820",0.544297647390679,0.622302130247567
"1821",0.544297872475856,0.62230142380453
"1822",0.544295792392213,0.622301926370096
"1823",0.544292837677025,0.622301918812436
"1824",0.544292189909536,0.622301428756626
"1825",0.544289295740638,0.622301302328221
"1826",0.544286080985662,0.62230141974022
"1827",0.544288342860734,0.62230175547566
"1828",0.544280639258541,0.622301206791238
"1829",0.544281245221601,0.622301264550174
"1830",0.544281845644789,0.622301512925656
"1831",0.544279943808812,0.622301189006913
"1832",0.544272581396096,0.622301545445749
"1833",0.544275490071854,0.62230121635303
"1834",0.544273599510351,0.622301357299316
"1835",0.544270528042279,0.62230171480846
"1836",0.544269515134385,0.622301172195518
"1837",0.544267301321513,0.622301541302548
"1838",0.544265728652531,0.622301923455038
"1839",0.544266119433307,0.622301299284784
"1840",0.544259911489875,0.622301353554465
"1841",0.544260610335634,0.622301771167461
"1842",0.544261284471264,0.622301533344301
"1843",0.544259578784371,0.622301472148258
"1844",0.544254526623505,0.622301738845661
"1845",0.544254853565547,0.622301473736186
"1846",0.544252961578772,0.622301599184902
"1847",0.544253063672551,0.622301691555795
"1848",0.544250281340183,0.622301568579339
"1849",0.544252535799232,0.622301714485081
"1850",0.544245097069055,0.622301892597844
"1851",0.544248491738042,0.622301607875105
"1852",0.544245323615164,0.622301520517417
"1853",0.544244671350722,0.62230167148473
"1854",0.544243343624753,0.622301937788458
"1855",0.544243375897289,0.622301840368498
"1856",0.544240157178177,0.622301598138554
"1857",0.544241790253357,0.62230160173487
"1858",0.544237036219644,0.622301699481425
"1859",0.544236871260779,0.62230144931595
"1860",0.544234093239033,0.622301953051935
"1861",0.544237800713565,0.622301470987552
"1862",0.544233232765647,0.622301312356477
"1863",0.544232643991449,0.622301678874916
"1864",0.544230657935249,0.622301609744658
"1865",0.544228546258085,0.622301124425121
"1866",0.544228623934369,0.622301590272458
"1867",0.544228549941985,0.622301565238401
"1868",0.544224569762967,0.622301193469426
"1869",0.544224161123261,0.622301434492113
"1870",0.54422210608274,0.622301463738543
"1871",0.544225740816842,0.622301377953535
"1872",0.544221564412469,0.62230163242497
"1873",0.544219048931787,0.622301627822726
"1874",0.544217958944215,0.622301573434037
"1875",0.544217734579805,0.622301769265338
"1876",0.544213806036334,0.62230163222465
"1877",0.544215982158103,0.62230155518015
"1878",0.544212697368549,0.622301526832359
"1879",0.544212345669317,0.622301893307526
"1880",0.544210799521133,0.62230172756193
"1881",0.544209689288589,0.622301662468342
"1882",0.544206780153197,0.622301884623023
"1883",0.544208375616968,0.62230163334585
"1884",0.5442038508981,0.622301839829027
"1885",0.544204632444242,0.62230165933719
"1886",0.544204743226216,0.622301409368634
"1887",0.544201703594404,0.62230156603051
"1888",0.544199717344772,0.622301375871084
"1889",0.544201034172732,0.622301556356147
"1890",0.544195477834426,0.622301615924152
"1891",0.5441993809761,0.622301287258543
"1892",0.544195789478459,0.622301187242379
"1893",0.544192464466714,0.622301002513963
"1894",0.544191822168883,0.622301280481459
"1895",0.54419459337843,0.622300973403062
"1896",0.544189479532705,0.622301417641692
"1897",0.544189496803859,0.62230102223967
"1898",0.544190027030507,0.622301745936277
"1899",0.544184457680079,0.622301110947441
"1900",0.544182787426813,0.622301099701126
"1901",0.544188031634396,0.622301505046793
"1902",0.544181937318219,0.62230141582409
"1903",0.544181479967379,0.622301236709826
"1904",0.544181210670194,0.622301349185591
"1905",0.544179546180332,0.622301002170966
"1906",0.544177178278914,0.622301275824713
"1907",0.544178767337043,0.622301256723597
"1908",0.544174134514145,0.622301442352781
"1909",0.54417501044993,0.622300925725322
"1910",0.544173287160886,0.622301360787683
"1911",0.544170451031593,0.622301188719259
"1912",0.544172168707262,0.622301178532922
"1913",0.544172574138846,0.622300927235903
"1914",0.544165835260501,0.622301243437931
"1915",0.54416845291505,0.622301235396333
"1916",0.544167322123478,0.622301301963571
"1917",0.544163622182194,0.622300824328089
"1918",0.544161739641152,0.62230105320167
"1919",0.544167313438453,0.622301267164556
"1920",0.544161023839284,0.622301328948381
"1921",0.544161048950193,0.622301282149562
"1922",0.544160304523104,0.622301075150392
"1923",0.544157477346897,0.62230156416687
"1924",0.54415544311387,0.622301148564907
"1925",0.544158003458419,0.622300974298329
"1926",0.544154451954653,0.622301072547753
"1927",0.544153422424634,0.622301513101841
"1928",0.544154299188402,0.622301156269921
"1929",0.5441513703398,0.622301066140146
"1930",0.54414885116697,0.622301090066302
"1931",0.544152818322431,0.622301251448098
"1932",0.544144548190671,0.62230110775113
"1933",0.54414797082964,0.622301162993671
"1934",0.544147775013267,0.622300863726563
"1935",0.544144586614152,0.622301143744956
"1936",0.544143800470034,0.622300966030839
"1937",0.544146903844514,0.622301102669898
"1938",0.544138901606548,0.622301268723212
"1939",0.544140294340661,0.622301120611801
"1940",0.544141222672036,0.622301036342007
"1941",0.544139164902609,0.622301373962287
"1942",0.544136166452946,0.622301100728058
"1943",0.54413922815653,0.622301023957923
"1944",0.544132103147644,0.622301086741771
"1945",0.544135519755039,0.622301059255013
"1946",0.544138964003241,0.622301715814898
"1947",0.544133734348333,0.622301170083384
"1948",0.544130323012848,0.622301251143472
"1949",0.544137175007919,0.622301285421858
"1950",0.544129819494195,0.62230153808968
"1951",0.544131320055735,0.622301848546224
"1952",0.544131974572393,0.622301596164337
"1953",0.544129898662475,0.622301425397009
"1954",0.544129002378561,0.622302059915697
"1955",0.544132966575924,0.622301737466141
"1956",0.544125827556119,0.622301722416755
"1957",0.544129078503542,0.622301873106216
"1958",0.544129782489868,0.622301974572898
"1959",0.544126964701123,0.622301427924524
"1960",0.544125001942638,0.622301970585803
"1961",0.544130989289587,0.62230158471225
"1962",0.544126511773124,0.622302066280163
"1963",0.544124854391243,0.6223015518997
"1964",0.544125776875758,0.622301561654583
"1965",0.544127711514172,0.622301350074586
"1966",0.54412407860053,0.622301333940259
"1967",0.544127495919147,0.622301675134807
"1968",0.544122492307324,0.622301456735859
"1969",0.544124141357914,0.62230093732483
"1970",0.544126294182424,0.62230174147354
"1971",0.54412346963049,0.622301192451081
"1972",0.544120789893662,0.622301339540205
"1973",0.544126351151582,0.622301414879183
"1974",0.544120265957349,0.622301444438176
"1975",0.544121756873371,0.622301260625155
"1976",0.544122255062327,0.622301583850719
"1977",0.544122189661622,0.622301034671259
"1978",0.544119411885765,0.622301405103928
"1979",0.544122088089846,0.622301749724118
"1980",0.544118088801656,0.62230116761046
"1981",0.544120594626074,0.622301519080503
"1982",0.544120747279924,0.622301342115398
"1983",0.544117916820677,0.622301497672114
"1984",0.544115359359793,0.622301544468249
"1985",0.544121927550002,0.622301353636317
"1986",0.544116702933337,0.622301807093661
"1987",0.544117061674681,0.622301414876651
"1988",0.544116693293697,0.62230111859356
"1989",0.5441181281117,0.622301696634537
"1990",0.544114982470127,0.622301318557691
"1991",0.544117658268744,0.622301691283037
"1992",0.54411476576922,0.622301330833585
"1993",0.544116408681569,0.622301473063735
"1994",0.544115313681439,0.622301556450901
"1995",0.544115733155402,0.622301750178016
"1996",0.544112313928594,0.622301741845338
"1997",0.544117370658408,0.622301721215597
"1998",0.54411168323493,0.622301482742644
"1999",0.544112774916104,0.622301756210953
"2000",0.544112889240403,0.622301515216481
